pdf_path,page,page_width,page_height,text
E:\SCHEMATICai\samples\CP-2600-2699\CP-2602-R1.pdf,1,612.0,792.0,
E:\SCHEMATICai\samples\CP-2600-2699\CP-2602-R1.pdf,2,612.0,792.0,
E:\SCHEMATICai\samples\CP-2600-2699\CP-2602-R1.pdf,3,612.0,792.0,
E:\SCHEMATICai\samples\CP-2600-2699\CP-2602-R1.pdf,4,612.0,792.0,
E:\SCHEMATICai\samples\CP-2600-2699\CP-2602-R1.pdf,5,612.0,792.0,
E:\SCHEMATICai\samples\CP-2600-2699\CP-2602-R1.pdf,6,612.0,792.0,
E:\SCHEMATICai\samples\CP-2600-2699\CP-2602-R1.pdf,7,612.0,792.0,
E:\SCHEMATICai\samples\CP-2600-2699\CP-2602.pdf,1,612.0,792.0,
E:\SCHEMATICai\samples\CP-2600-2699\CP-2602.pdf,2,612.0,792.0,
E:\SCHEMATICai\samples\CP-2600-2699\CP-2602.pdf,3,612.0,792.0,
E:\SCHEMATICai\samples\CP-2600-2699\CP-2602.pdf,4,612.0,792.0,
E:\SCHEMATICai\samples\CP-2600-2699\CP-2602.pdf,5,612.0,792.0,
E:\SCHEMATICai\samples\CP-2600-2699\CP-2602.pdf,6,612.0,792.0,
E:\SCHEMATICai\samples\CP-2600-2699\CP-2603 COMPLETE.pdf,1,612.0,792.0,
E:\SCHEMATICai\samples\CP-2600-2699\CP-2603 COMPLETE.pdf,2,612.0,792.0,
E:\SCHEMATICai\samples\CP-2600-2699\CP-2603 COMPLETE.pdf,3,612.0,792.0,
E:\SCHEMATICai\samples\CP-2600-2699\CP-2603 COMPLETE.pdf,4,612.0,792.0,
E:\SCHEMATICai\samples\CP-2600-2699\CP-2603 COMPLETE.pdf,5,612.0,792.0,
E:\SCHEMATICai\samples\CP-2600-2699\CP-2603 COMPLETE.pdf,6,612.0,792.0,
E:\SCHEMATICai\samples\CP-2600-2699\CP-2604 COMPLETE.pdf,1,612.0,792.0,
E:\SCHEMATICai\samples\CP-2600-2699\CP-2604 COMPLETE.pdf,2,612.0,792.0,
E:\SCHEMATICai\samples\CP-2600-2699\CP-2604 COMPLETE.pdf,3,612.0,792.0,
E:\SCHEMATICai\samples\CP-2600-2699\CP-2604 COMPLETE.pdf,4,612.0,792.0,
E:\SCHEMATICai\samples\CP-2600-2699\CP-2604 COMPLETE.pdf,5,612.0,792.0,
E:\SCHEMATICai\samples\CP-2600-2699\CP-2604 COMPLETE.pdf,6,612.0,792.0,
E:\SCHEMATICai\samples\CP-2600-2699\CP-2605 COMPLETE 12809.pdf,1,612.0,792.0,
E:\SCHEMATICai\samples\CP-2600-2699\CP-2605 COMPLETE 12809.pdf,2,612.0,792.0,
E:\SCHEMATICai\samples\CP-2600-2699\CP-2605 COMPLETE 12809.pdf,3,612.0,792.0,
E:\SCHEMATICai\samples\CP-2600-2699\CP-2605 COMPLETE 12809.pdf,4,612.0,792.0,
E:\SCHEMATICai\samples\CP-2600-2699\CP-2605 COMPLETE 12809.pdf,5,612.0,792.0,
E:\SCHEMATICai\samples\CP-2600-2699\CP-2605 COMPLETE 12809.pdf,6,612.0,792.0,
E:\SCHEMATICai\samples\CP-2600-2699\CP-2605 COMPLETE 12809.pdf,7,612.0,792.0,
E:\SCHEMATICai\samples\CP-2600-2699\CP-2605 COMPLETE.pdf,1,612.0,792.0,
E:\SCHEMATICai\samples\CP-2600-2699\CP-2605 COMPLETE.pdf,2,612.0,792.0,
E:\SCHEMATICai\samples\CP-2600-2699\CP-2605 COMPLETE.pdf,3,612.0,792.0,
E:\SCHEMATICai\samples\CP-2600-2699\CP-2605 COMPLETE.pdf,4,612.0,792.0,
E:\SCHEMATICai\samples\CP-2600-2699\CP-2605 COMPLETE.pdf,5,612.0,792.0,
E:\SCHEMATICai\samples\CP-2600-2699\CP-2605 COMPLETE.pdf,6,612.0,792.0,
E:\SCHEMATICai\samples\CP-2600-2699\CP-2605 COMPLETE.pdf,7,612.0,792.0,
E:\SCHEMATICai\samples\CP-2600-2699\CP-2605 COMPLETEA.pdf,1,612.0,792.0,
E:\SCHEMATICai\samples\CP-2600-2699\CP-2605 COMPLETEA.pdf,2,612.0,792.0,
E:\SCHEMATICai\samples\CP-2600-2699\CP-2605 COMPLETEA.pdf,3,612.0,792.0,
E:\SCHEMATICai\samples\CP-2600-2699\CP-2605 COMPLETEA.pdf,4,612.0,792.0,
E:\SCHEMATICai\samples\CP-2600-2699\CP-2605 COMPLETEA.pdf,5,612.0,792.0,
E:\SCHEMATICai\samples\CP-2600-2699\CP-2605 COMPLETEA.pdf,6,612.0,792.0,
E:\SCHEMATICai\samples\CP-2600-2699\CP-2605 COMPLETEA.pdf,7,612.0,792.0,
E:\SCHEMATICai\samples\CP-2600-2699\CP-2605.pdf,1,612.0,792.0,
E:\SCHEMATICai\samples\CP-2600-2699\CP-2605.pdf,2,612.0,792.0,
E:\SCHEMATICai\samples\CP-2600-2699\CP-2605.pdf,3,612.0,792.0,
E:\SCHEMATICai\samples\CP-2600-2699\CP-2605.pdf,4,612.0,792.0,
E:\SCHEMATICai\samples\CP-2600-2699\CP-2605.pdf,5,612.0,792.0,
E:\SCHEMATICai\samples\CP-2600-2699\CP-2605.pdf,6,612.0,792.0,
E:\SCHEMATICai\samples\CP-2600-2699\CP-2605.pdf,7,612.0,792.0,
E:\SCHEMATICai\samples\CP-2600-2699\CP-2606.pdf,1,612.0,792.0,
E:\SCHEMATICai\samples\CP-2600-2699\CP-2606.pdf,2,612.0,792.0,
E:\SCHEMATICai\samples\CP-2600-2699\CP-2606.pdf,3,612.0,792.0,
E:\SCHEMATICai\samples\CP-2600-2699\CP-2606.pdf,4,612.0,792.0,
E:\SCHEMATICai\samples\CP-2600-2699\CP-2606.pdf,5,612.0,792.0,
E:\SCHEMATICai\samples\CP-2600-2699\CP-2606.pdf,6,612.0,792.0,
E:\SCHEMATICai\samples\CP-2600-2699\CP-2606.pdf,7,612.0,792.0,
E:\SCHEMATICai\samples\CP-2600-2699\CP-2607.pdf,1,612.0,792.0,
E:\SCHEMATICai\samples\CP-2600-2699\CP-2607.pdf,2,612.0,792.0,
E:\SCHEMATICai\samples\CP-2600-2699\CP-2607.pdf,3,612.0,792.0,
E:\SCHEMATICai\samples\CP-2600-2699\CP-2607.pdf,4,612.0,792.0,
E:\SCHEMATICai\samples\CP-2600-2699\CP-2607.pdf,5,612.0,792.0,
E:\SCHEMATICai\samples\CP-2600-2699\CP-2607.pdf,6,612.0,792.0,
E:\SCHEMATICai\samples\CP-2600-2699\CP-2607.pdf,7,612.0,792.0,
E:\SCHEMATICai\samples\CP-2600-2699\CP-2607.pdf,8,612.0,792.0,
E:\SCHEMATICai\samples\CP-2600-2699\CP-2608.pdf,1,612.0,792.0,
E:\SCHEMATICai\samples\CP-2600-2699\CP-2608.pdf,2,612.0,792.0,
E:\SCHEMATICai\samples\CP-2600-2699\CP-2608.pdf,3,612.0,792.0,
E:\SCHEMATICai\samples\CP-2600-2699\CP-2608.pdf,4,612.0,792.0,
E:\SCHEMATICai\samples\CP-2600-2699\CP-2608.pdf,5,612.0,792.0,
E:\SCHEMATICai\samples\CP-2600-2699\CP-2608.pdf,6,612.0,792.0,
E:\SCHEMATICai\samples\CP-2600-2699\CP-2608.pdf,7,612.0,792.0,
E:\SCHEMATICai\samples\CP-2600-2699\CP-2608.pdf,8,612.0,792.0,
E:\SCHEMATICai\samples\CP-2600-2699\CP-2609.pdf,1,612.0,792.0,
E:\SCHEMATICai\samples\CP-2600-2699\CP-2609.pdf,2,612.0,792.0,
E:\SCHEMATICai\samples\CP-2600-2699\CP-2609.pdf,3,612.0,792.0,
E:\SCHEMATICai\samples\CP-2600-2699\CP-2609.pdf,4,612.0,792.0,
E:\SCHEMATICai\samples\CP-2600-2699\CP-2609.pdf,5,612.0,792.0,
E:\SCHEMATICai\samples\CP-2600-2699\CP-2609.pdf,6,612.0,792.0,
E:\SCHEMATICai\samples\CP-2600-2699\CP-2610.pdf,1,612.0,792.0,
E:\SCHEMATICai\samples\CP-2600-2699\CP-2610.pdf,2,612.0,792.0,
E:\SCHEMATICai\samples\CP-2600-2699\CP-2611-R1.pdf,1,612.0,792.0,
E:\SCHEMATICai\samples\CP-2600-2699\CP-2611-R1.pdf,2,612.0,792.0,
E:\SCHEMATICai\samples\CP-2600-2699\CP-2611-R1.pdf,3,612.0,792.0,
E:\SCHEMATICai\samples\CP-2600-2699\CP-2611-R1.pdf,4,612.0,792.0,
E:\SCHEMATICai\samples\CP-2600-2699\CP-2611-R1.pdf,5,612.0,792.0,
E:\SCHEMATICai\samples\CP-2600-2699\CP-2611-R1.pdf,6,612.0,792.0,
E:\SCHEMATICai\samples\CP-2600-2699\CP-2611-R1.pdf,7,612.0,792.0,
E:\SCHEMATICai\samples\CP-2600-2699\CP-2611-R1.pdf,8,612.0,792.0,"Upon power up the clock screen may not be displayed. The clock screen is considered the 
“main” screen and will be the starting point for all programming.  
 
Locating the clock screen: 
Use the “DOWN” key to scroll until the clock screen is shown. 
 
To enter into program mode press “ESC” once. (See chart 1)  Arrow down to desired 
selection and press “OK”.  
 
 To set clock, arrow down to “SET” and press “OK”. “CLOCK” will appear. Press 
“OK”. “SET CLOCK” will then appear. Press “OK” again. Use “LEFT” and 
“RIGHT” arrow keys to maneuver around and the “UP” and “DOWN” keys to 
change setting. Once complete press “OK”. To get to parameter screen press “ESC”.
To get to main screen (clock showing) press “ESC” again. 
 
 To set parameters, arrow down to “SET PARAMETERS” and press “OK”. Use 
“UP” and “DOWN” arrow keys to scroll through blocks. Once desired block is 
found press “OK”. Use “LEFT” and “RIGHT” arrow keys to maneuver around and 
the “UP and “DOWN” keys to change the parameter. Once parameter is set press 
“OK”. Now you may continue to scroll the blocks. Once scrolling is complete press 
“ESC”. To return to the main screen press “ESC” again. 
Chart 1 
Notes:  
1) To view inputs, at the main screen (clock showing) press the “RIGHT” arrow key. 
To return to main screen press “LEFT” arrow key. 
2) To view outputs, at the main screen (clock showing) press the “RIGHT” arrow key 
twice. To return to main screen press “LEFT” arrow key twice.      
     3)  Earlier versions of the PLC had the inputs, outputs and clock on the    
          main screen upon  power up.  
 
Word/Setting the PLC with view of PLC  
Earlier versions of the PLC required different key combinations to enter into  
program  mode, with the clock showing, press the following: 
 
PLC Identification 
OBA00   
Press “OK” and “LEFT” and “RIGHT” arrow keys (at the same time) 
OBA1 – OBA2   Press “ESC” and “OK” keys (at the same time) 
OBA3 – OBA5   Press “ESC” key (once)"
E:\SCHEMATICai\samples\CP-2600-2699\CP-2611-TERMINALS.pdf,1,612.0,792.0,
E:\SCHEMATICai\samples\CP-2600-2699\CP-2611r2 COMPLETE.pdf,1,612.0,792.0,
E:\SCHEMATICai\samples\CP-2600-2699\CP-2611r2 COMPLETE.pdf,2,612.0,792.0,
E:\SCHEMATICai\samples\CP-2600-2699\CP-2611r2 COMPLETE.pdf,3,612.0,792.0,
E:\SCHEMATICai\samples\CP-2600-2699\CP-2611r2 COMPLETE.pdf,4,612.0,792.0,
E:\SCHEMATICai\samples\CP-2600-2699\CP-2611r2 COMPLETE.pdf,5,612.0,792.0,
E:\SCHEMATICai\samples\CP-2600-2699\CP-2611r2 COMPLETE.pdf,6,612.0,792.0,
E:\SCHEMATICai\samples\CP-2600-2699\CP-2611r2 COMPLETE.pdf,7,612.0,792.0,
E:\SCHEMATICai\samples\CP-2600-2699\CP-2611r2 COMPLETE.pdf,8,612.0,792.0,"Upon power up the clock screen may not be displayed. The clock screen is considered the 
“main” screen and will be the starting point for all programming.  
 
Locating the clock screen: 
Use the “DOWN” key to scroll until the clock screen is shown. 
 
To enter into program mode press “ESC” once.  Arrow down to desired selection and press 
“OK”.  
 
• To set clock, arrow down to “SET” and press “OK”. “CLOCK” will appear. Press 
“OK”. “SET CLOCK” will then appear. Press “OK” again. Use “LEFT” and 
“RIGHT” arrow keys to maneuver around and the “UP” and “DOWN” keys to 
change setting. Once complete press “OK”. To get to parameter screen press “ESC”. 
To get to main screen (clock showing) press “ESC” again. 
Notes:  
1) To view inputs, at the main screen (clock showing) press the “RIGHT” arrow key. 
To return to main screen press “LEFT” arrow key. 
2) To view outputs, at the main screen (clock showing) press the “RIGHT” arrow key 
twice. To return to main screen press “LEFT” arrow key twice."
E:\SCHEMATICai\samples\CP-2600-2699\CP-2614.pdf,1,612.0,792.0,
E:\SCHEMATICai\samples\CP-2600-2699\CP-2614.pdf,2,612.0,792.0,
E:\SCHEMATICai\samples\CP-2600-2699\CP-2614.pdf,3,612.0,792.0,
E:\SCHEMATICai\samples\CP-2600-2699\CP-2614.pdf,4,612.0,792.0,
E:\SCHEMATICai\samples\CP-2600-2699\CP-2614.pdf,5,612.0,792.0,
E:\SCHEMATICai\samples\CP-2600-2699\CP-2614.pdf,6,612.0,792.0,
E:\SCHEMATICai\samples\CP-2600-2699\CP-2615-R1.pdf,1,612.0,792.0,
E:\SCHEMATICai\samples\CP-2600-2699\CP-2615-R1.pdf,2,612.0,792.0,
E:\SCHEMATICai\samples\CP-2600-2699\CP-2615-R1.pdf,3,612.0,792.0,
E:\SCHEMATICai\samples\CP-2600-2699\CP-2615-R1.pdf,4,612.0,792.0,
E:\SCHEMATICai\samples\CP-2600-2699\CP-2615-R1.pdf,5,612.0,792.0,
E:\SCHEMATICai\samples\CP-2600-2699\CP-2615-R1.pdf,6,612.0,792.0,
E:\SCHEMATICai\samples\CP-2600-2699\CP-2615-R1.pdf,7,612.0,792.0,
E:\SCHEMATICai\samples\CP-2600-2699\CP-2615.pdf,1,612.0,792.0,
E:\SCHEMATICai\samples\CP-2600-2699\CP-2615.pdf,2,612.0,792.0,
E:\SCHEMATICai\samples\CP-2600-2699\CP-2615.pdf,3,612.0,792.0,
E:\SCHEMATICai\samples\CP-2600-2699\CP-2615.pdf,4,612.0,792.0,
E:\SCHEMATICai\samples\CP-2600-2699\CP-2615.pdf,5,612.0,792.0,
E:\SCHEMATICai\samples\CP-2600-2699\CP-2615.pdf,6,612.0,792.0,
E:\SCHEMATICai\samples\CP-2600-2699\CP-2616.pdf,1,612.0,792.0,
E:\SCHEMATICai\samples\CP-2600-2699\CP-2616.pdf,2,612.0,792.0,
E:\SCHEMATICai\samples\CP-2600-2699\CP-2616.pdf,3,612.0,792.0,
E:\SCHEMATICai\samples\CP-2600-2699\CP-2616.pdf,4,612.0,792.0,
E:\SCHEMATICai\samples\CP-2600-2699\CP-2616.pdf,5,612.0,792.0,
E:\SCHEMATICai\samples\CP-2600-2699\CP-2616.pdf,6,612.0,792.0,
E:\SCHEMATICai\samples\CP-2600-2699\CP-2617.pdf,1,612.0,792.0,
E:\SCHEMATICai\samples\CP-2600-2699\CP-2617.pdf,2,612.0,792.0,
E:\SCHEMATICai\samples\CP-2600-2699\CP-2617.pdf,3,612.0,792.0,
E:\SCHEMATICai\samples\CP-2600-2699\CP-2617.pdf,4,612.0,792.0,
E:\SCHEMATICai\samples\CP-2600-2699\CP-2617.pdf,5,612.0,792.0,
E:\SCHEMATICai\samples\CP-2600-2699\CP-2617.pdf,6,612.0,792.0,
E:\SCHEMATICai\samples\CP-2600-2699\CP-2617r1.pdf,1,612.0,792.0,
E:\SCHEMATICai\samples\CP-2600-2699\CP-2617r1.pdf,2,612.0,792.0,
E:\SCHEMATICai\samples\CP-2600-2699\CP-2617r1.pdf,3,612.0,792.0,
E:\SCHEMATICai\samples\CP-2600-2699\CP-2617r1.pdf,4,612.0,792.0,
E:\SCHEMATICai\samples\CP-2600-2699\CP-2617r1.pdf,5,612.0,792.0,
E:\SCHEMATICai\samples\CP-2600-2699\CP-2617r1.pdf,6,612.0,792.0,
E:\SCHEMATICai\samples\CP-2600-2699\CP-2618R1 door.pdf,1,612.0,792.0,
E:\SCHEMATICai\samples\CP-2600-2699\CP-2618R1.pdf,1,612.0,792.0,
E:\SCHEMATICai\samples\CP-2600-2699\CP-2618R1.pdf,2,612.0,792.0,
E:\SCHEMATICai\samples\CP-2600-2699\CP-2618R1.pdf,3,612.0,792.0,
E:\SCHEMATICai\samples\CP-2600-2699\CP-2618R1.pdf,4,612.0,792.0,
E:\SCHEMATICai\samples\CP-2600-2699\CP-2618R1.pdf,5,612.0,792.0,
E:\SCHEMATICai\samples\CP-2600-2699\CP-2618R1.pdf,6,612.0,792.0,
E:\SCHEMATICai\samples\CP-2600-2699\CP-2619.pdf,1,612.0,792.0,
E:\SCHEMATICai\samples\CP-2600-2699\CP-2619.pdf,2,612.0,792.0,
E:\SCHEMATICai\samples\CP-2600-2699\CP-2619.pdf,3,612.0,792.0,
E:\SCHEMATICai\samples\CP-2600-2699\CP-2619.pdf,4,612.0,792.0,
E:\SCHEMATICai\samples\CP-2600-2699\CP-2619.pdf,5,612.0,792.0,
E:\SCHEMATICai\samples\CP-2600-2699\CP-2619.pdf,6,612.0,792.0,
E:\SCHEMATICai\samples\CP-2600-2699\CP-2620.pdf,1,612.0,792.0,
E:\SCHEMATICai\samples\CP-2600-2699\CP-2620.pdf,2,612.0,792.0,
E:\SCHEMATICai\samples\CP-2600-2699\CP-2620.pdf,3,612.0,792.0,
E:\SCHEMATICai\samples\CP-2600-2699\CP-2620.pdf,4,612.0,792.0,
E:\SCHEMATICai\samples\CP-2600-2699\CP-2620.pdf,5,612.0,792.0,
E:\SCHEMATICai\samples\CP-2600-2699\CP-2620.pdf,6,612.0,792.0,
E:\SCHEMATICai\samples\CP-2600-2699\CP-2622.pdf,1,612.0,792.0,
E:\SCHEMATICai\samples\CP-2600-2699\CP-2622.pdf,2,612.0,792.0,
E:\SCHEMATICai\samples\CP-2600-2699\CP-2622.pdf,3,612.0,792.0,
E:\SCHEMATICai\samples\CP-2600-2699\CP-2622.pdf,4,612.0,792.0,
E:\SCHEMATICai\samples\CP-2600-2699\CP-2622.pdf,5,612.0,792.0,
E:\SCHEMATICai\samples\CP-2600-2699\CP-2622.pdf,6,612.0,792.0,
E:\SCHEMATICai\samples\CP-2600-2699\CP-2623.pdf,1,612.0,792.0,
E:\SCHEMATICai\samples\CP-2600-2699\CP-2623.pdf,2,612.0,792.0,
E:\SCHEMATICai\samples\CP-2600-2699\CP-2623.pdf,3,612.0,792.0,
E:\SCHEMATICai\samples\CP-2600-2699\CP-2623.pdf,4,612.0,792.0,
E:\SCHEMATICai\samples\CP-2600-2699\CP-2623.pdf,5,612.0,792.0,
E:\SCHEMATICai\samples\CP-2600-2699\CP-2623.pdf,6,612.0,792.0,
E:\SCHEMATICai\samples\CP-2600-2699\CP-2624.pdf,1,612.0,792.0,
E:\SCHEMATICai\samples\CP-2600-2699\CP-2624.pdf,2,612.0,792.0,
E:\SCHEMATICai\samples\CP-2600-2699\CP-2624.pdf,3,612.0,792.0,
E:\SCHEMATICai\samples\CP-2600-2699\CP-2625.pdf,1,612.0,792.0,
E:\SCHEMATICai\samples\CP-2600-2699\CP-2625.pdf,2,612.0,792.0,
E:\SCHEMATICai\samples\CP-2600-2699\CP-2625.pdf,3,612.0,792.0,
E:\SCHEMATICai\samples\CP-2600-2699\CP-2625.pdf,4,612.0,792.0,
E:\SCHEMATICai\samples\CP-2600-2699\CP-2625.pdf,5,612.0,792.0,
E:\SCHEMATICai\samples\CP-2600-2699\CP-2625.pdf,6,612.0,792.0,
E:\SCHEMATICai\samples\CP-2600-2699\CP-2626.pdf,1,612.0,792.0,
E:\SCHEMATICai\samples\CP-2600-2699\CP-2626.pdf,2,612.0,792.0,
E:\SCHEMATICai\samples\CP-2600-2699\CP-2626.pdf,3,612.0,792.0,
E:\SCHEMATICai\samples\CP-2600-2699\CP-2626.pdf,4,612.0,792.0,
E:\SCHEMATICai\samples\CP-2600-2699\CP-2626.pdf,5,612.0,792.0,
E:\SCHEMATICai\samples\CP-2600-2699\CP-2626.pdf,6,612.0,792.0,
E:\SCHEMATICai\samples\CP-2600-2699\CP-2627.pdf,1,612.0,792.0,
E:\SCHEMATICai\samples\CP-2600-2699\CP-2627.pdf,2,612.0,792.0,
E:\SCHEMATICai\samples\CP-2600-2699\CP-2627.pdf,3,612.0,792.0,
E:\SCHEMATICai\samples\CP-2600-2699\CP-2627.pdf,4,612.0,792.0,
E:\SCHEMATICai\samples\CP-2600-2699\CP-2627.pdf,5,612.0,792.0,
E:\SCHEMATICai\samples\CP-2600-2699\CP-2627.pdf,6,612.0,792.0,
E:\SCHEMATICai\samples\CP-2600-2699\CP-2628 COMPLETE.pdf,1,612.0,792.0,
E:\SCHEMATICai\samples\CP-2600-2699\CP-2628 COMPLETE.pdf,2,612.0,792.0,
E:\SCHEMATICai\samples\CP-2600-2699\CP-2628 COMPLETE.pdf,3,612.0,792.0,
E:\SCHEMATICai\samples\CP-2600-2699\CP-2628 COMPLETE.pdf,4,612.0,792.0,
E:\SCHEMATICai\samples\CP-2600-2699\CP-2628 COMPLETE.pdf,5,612.0,792.0,
E:\SCHEMATICai\samples\CP-2600-2699\CP-2628 COMPLETE.pdf,6,612.0,792.0,
E:\SCHEMATICai\samples\CP-2600-2699\CP-2628-R1.pdf,1,612.0,792.0,
E:\SCHEMATICai\samples\CP-2600-2699\CP-2628-R1.pdf,2,612.0,792.0,
E:\SCHEMATICai\samples\CP-2600-2699\CP-2628-R1.pdf,3,612.0,792.0,
E:\SCHEMATICai\samples\CP-2600-2699\CP-2628-R1.pdf,4,612.0,792.0,
E:\SCHEMATICai\samples\CP-2600-2699\CP-2628-R1.pdf,5,612.0,792.0,
E:\SCHEMATICai\samples\CP-2600-2699\CP-2628-R1.pdf,6,612.0,792.0,
E:\SCHEMATICai\samples\CP-2600-2699\CP-2630.pdf,1,612.0,792.0,
E:\SCHEMATICai\samples\CP-2600-2699\CP-2630.pdf,2,612.0,792.0,
E:\SCHEMATICai\samples\CP-2600-2699\CP-2630.pdf,3,612.0,792.0,
E:\SCHEMATICai\samples\CP-2600-2699\CP-2630.pdf,4,612.0,792.0,
E:\SCHEMATICai\samples\CP-2600-2699\CP-2630.pdf,5,612.0,792.0,
E:\SCHEMATICai\samples\CP-2600-2699\CP-2630.pdf,6,612.0,792.0,
E:\SCHEMATICai\samples\CP-2600-2699\CP-2630.pdf,7,612.0,792.0,
E:\SCHEMATICai\samples\CP-2600-2699\CP-2630.pdf,8,612.0,792.0,
E:\SCHEMATICai\samples\CP-2600-2699\CP-2631-R1.pdf,1,612.0,792.0,
E:\SCHEMATICai\samples\CP-2600-2699\CP-2631-R1.pdf,2,612.0,792.0,
E:\SCHEMATICai\samples\CP-2600-2699\CP-2631-R1.pdf,3,612.0,792.0,
E:\SCHEMATICai\samples\CP-2600-2699\CP-2631-R1.pdf,4,612.0,792.0,
E:\SCHEMATICai\samples\CP-2600-2699\CP-2631-R1.pdf,5,612.0,792.0,
E:\SCHEMATICai\samples\CP-2600-2699\CP-2631-R1.pdf,6,612.0,792.0,
E:\SCHEMATICai\samples\CP-2600-2699\CP-2631-R1.pdf,7,612.0,792.0,
E:\SCHEMATICai\samples\CP-2600-2699\CP-2631-R1.pdf,8,612.0,792.0,
E:\SCHEMATICai\samples\CP-2600-2699\CP-2631.pdf,1,612.0,792.0,
E:\SCHEMATICai\samples\CP-2600-2699\CP-2631.pdf,2,612.0,792.0,
E:\SCHEMATICai\samples\CP-2600-2699\CP-2631.pdf,3,612.0,792.0,
E:\SCHEMATICai\samples\CP-2600-2699\CP-2631.pdf,4,612.0,792.0,
E:\SCHEMATICai\samples\CP-2600-2699\CP-2631.pdf,5,612.0,792.0,
E:\SCHEMATICai\samples\CP-2600-2699\CP-2631.pdf,6,612.0,792.0,
E:\SCHEMATICai\samples\CP-2600-2699\CP-2631.pdf,7,612.0,792.0,
E:\SCHEMATICai\samples\CP-2600-2699\CP-2631.pdf,8,612.0,792.0,
E:\SCHEMATICai\samples\CP-2600-2699\CP-2632.pdf,1,612.0,792.0,
E:\SCHEMATICai\samples\CP-2600-2699\CP-2632.pdf,2,612.0,792.0,
E:\SCHEMATICai\samples\CP-2600-2699\CP-2632.pdf,3,612.0,792.0,
E:\SCHEMATICai\samples\CP-2600-2699\CP-2632.pdf,4,612.0,792.0,
E:\SCHEMATICai\samples\CP-2600-2699\CP-2632.pdf,5,612.0,792.0,
E:\SCHEMATICai\samples\CP-2600-2699\CP-2634.pdf,1,612.0,792.0,
E:\SCHEMATICai\samples\CP-2600-2699\CP-2634.pdf,2,612.0,792.0,
E:\SCHEMATICai\samples\CP-2600-2699\CP-2634.pdf,3,612.0,792.0,
E:\SCHEMATICai\samples\CP-2600-2699\CP-2634.pdf,4,612.0,792.0,
E:\SCHEMATICai\samples\CP-2600-2699\CP-2634.pdf,5,612.0,792.0,
E:\SCHEMATICai\samples\CP-2600-2699\CP-2634.pdf,6,612.0,792.0,
E:\SCHEMATICai\samples\CP-2600-2699\CP-2634.pdf,7,612.0,792.0,
E:\SCHEMATICai\samples\CP-2600-2699\CP-2635 COMPLETE.pdf,1,612.0,792.0,
E:\SCHEMATICai\samples\CP-2600-2699\CP-2635 COMPLETE.pdf,2,612.0,792.0,
E:\SCHEMATICai\samples\CP-2600-2699\CP-2635 COMPLETE.pdf,3,612.0,792.0,
E:\SCHEMATICai\samples\CP-2600-2699\CP-2635 COMPLETE.pdf,4,612.0,792.0,
E:\SCHEMATICai\samples\CP-2600-2699\CP-2635 COMPLETE.pdf,5,612.0,792.0,
E:\SCHEMATICai\samples\CP-2600-2699\CP-2636.pdf,1,612.0,792.0,
E:\SCHEMATICai\samples\CP-2600-2699\CP-2636.pdf,2,612.0,792.0,
E:\SCHEMATICai\samples\CP-2600-2699\CP-2636.pdf,3,612.0,792.0,
E:\SCHEMATICai\samples\CP-2600-2699\CP-2636.pdf,4,612.0,792.0,
E:\SCHEMATICai\samples\CP-2600-2699\CP-2636.pdf,5,612.0,792.0,
E:\SCHEMATICai\samples\CP-2600-2699\CP-2636.pdf,6,612.0,792.0,
E:\SCHEMATICai\samples\CP-2600-2699\CP-2636.pdf,7,612.0,792.0,
E:\SCHEMATICai\samples\CP-2600-2699\CP-2637.pdf,1,612.0,792.0,
E:\SCHEMATICai\samples\CP-2600-2699\CP-2637.pdf,2,612.0,792.0,
E:\SCHEMATICai\samples\CP-2600-2699\CP-2637.pdf,3,612.0,792.0,
E:\SCHEMATICai\samples\CP-2600-2699\CP-2637.pdf,4,612.0,792.0,
E:\SCHEMATICai\samples\CP-2600-2699\CP-2637.pdf,5,612.0,792.0,
E:\SCHEMATICai\samples\CP-2600-2699\CP-2637.pdf,6,612.0,792.0,
E:\SCHEMATICai\samples\CP-2600-2699\CP-2638.pdf,1,612.0,792.0,
E:\SCHEMATICai\samples\CP-2600-2699\CP-2638.pdf,2,612.0,792.0,
E:\SCHEMATICai\samples\CP-2600-2699\CP-2638.pdf,3,612.0,792.0,
E:\SCHEMATICai\samples\CP-2600-2699\CP-2638.pdf,4,612.0,792.0,
E:\SCHEMATICai\samples\CP-2600-2699\CP-2638.pdf,5,612.0,792.0,
E:\SCHEMATICai\samples\CP-2600-2699\CP-2638.pdf,6,612.0,792.0,
E:\SCHEMATICai\samples\CP-2600-2699\CP-2639.pdf,1,612.0,792.0,
E:\SCHEMATICai\samples\CP-2600-2699\CP-2639.pdf,2,612.0,792.0,
E:\SCHEMATICai\samples\CP-2600-2699\CP-2639.pdf,3,612.0,792.0,
E:\SCHEMATICai\samples\CP-2600-2699\CP-2639.pdf,4,612.0,792.0,
E:\SCHEMATICai\samples\CP-2600-2699\CP-2639.pdf,5,612.0,792.0,
E:\SCHEMATICai\samples\CP-2600-2699\CP-2640.pdf,1,612.0,792.0,
E:\SCHEMATICai\samples\CP-2600-2699\CP-2640.pdf,2,612.0,792.0,
E:\SCHEMATICai\samples\CP-2600-2699\CP-2640.pdf,3,612.0,792.0,
E:\SCHEMATICai\samples\CP-2600-2699\CP-2640.pdf,4,612.0,792.0,
E:\SCHEMATICai\samples\CP-2600-2699\CP-2640.pdf,5,612.0,792.0,
E:\SCHEMATICai\samples\CP-2600-2699\CP-2640.pdf,6,612.0,792.0,
E:\SCHEMATICai\samples\CP-2600-2699\CP-2644.pdf,1,612.0,792.0,
E:\SCHEMATICai\samples\CP-2600-2699\CP-2644.pdf,2,612.0,792.0,
E:\SCHEMATICai\samples\CP-2600-2699\CP-2644.pdf,3,612.0,792.0,
E:\SCHEMATICai\samples\CP-2600-2699\CP-2644.pdf,4,612.0,792.0,
E:\SCHEMATICai\samples\CP-2600-2699\CP-2644.pdf,5,612.0,792.0,
E:\SCHEMATICai\samples\CP-2600-2699\CP-2644.pdf,6,612.0,792.0,
E:\SCHEMATICai\samples\CP-2600-2699\CP-2645.pdf,1,612.0,792.0,
E:\SCHEMATICai\samples\CP-2600-2699\CP-2645.pdf,2,612.0,792.0,
E:\SCHEMATICai\samples\CP-2600-2699\CP-2645.pdf,3,612.0,792.0,
E:\SCHEMATICai\samples\CP-2600-2699\CP-2645.pdf,4,612.0,792.0,
E:\SCHEMATICai\samples\CP-2600-2699\CP-2645.pdf,5,612.0,792.0,
E:\SCHEMATICai\samples\CP-2600-2699\CP-2645.pdf,6,612.0,792.0,
E:\SCHEMATICai\samples\CP-2600-2699\CP-2645.pdf,7,612.0,792.0,
E:\SCHEMATICai\samples\CP-2600-2699\CP-2646.pdf,1,612.0,792.0,
E:\SCHEMATICai\samples\CP-2600-2699\CP-2646.pdf,2,612.0,792.0,
E:\SCHEMATICai\samples\CP-2600-2699\CP-2646.pdf,3,612.0,792.0,
E:\SCHEMATICai\samples\CP-2600-2699\CP-2646.pdf,4,612.0,792.0,
E:\SCHEMATICai\samples\CP-2600-2699\CP-2646.pdf,5,612.0,792.0,
E:\SCHEMATICai\samples\CP-2600-2699\CP-2646.pdf,6,612.0,792.0,
E:\SCHEMATICai\samples\CP-2600-2699\CP-2646.pdf,7,612.0,792.0,
E:\SCHEMATICai\samples\CP-2600-2699\CP-2650-R1.pdf,1,612.0,792.0,
E:\SCHEMATICai\samples\CP-2600-2699\CP-2650-R1.pdf,2,612.0,792.0,
E:\SCHEMATICai\samples\CP-2600-2699\CP-2650-R1.pdf,3,612.0,792.0,
E:\SCHEMATICai\samples\CP-2600-2699\CP-2650-R1.pdf,4,612.0,792.0,
E:\SCHEMATICai\samples\CP-2600-2699\CP-2650-R1.pdf,5,612.0,792.0,
E:\SCHEMATICai\samples\CP-2600-2699\CP-2650-R1.pdf,6,612.0,792.0,
E:\SCHEMATICai\samples\CP-2600-2699\CP-2653.pdf,1,612.0,792.0,
E:\SCHEMATICai\samples\CP-2600-2699\CP-2653.pdf,2,612.0,792.0,
E:\SCHEMATICai\samples\CP-2600-2699\CP-2654.pdf,1,612.0,792.0,
E:\SCHEMATICai\samples\CP-2600-2699\CP-2654.pdf,2,612.0,792.0,
E:\SCHEMATICai\samples\CP-2600-2699\CP-2654.pdf,3,612.0,792.0,
E:\SCHEMATICai\samples\CP-2600-2699\CP-2654.pdf,4,612.0,792.0,
E:\SCHEMATICai\samples\CP-2600-2699\CP-2654.pdf,5,612.0,792.0,
E:\SCHEMATICai\samples\CP-2600-2699\CP-2654.pdf,6,612.0,792.0,
E:\SCHEMATICai\samples\CP-2600-2699\CP-2654r1.pdf,1,612.0,792.0,
E:\SCHEMATICai\samples\CP-2600-2699\CP-2654r1.pdf,2,612.0,792.0,
E:\SCHEMATICai\samples\CP-2600-2699\CP-2654r1.pdf,3,612.0,792.0,
E:\SCHEMATICai\samples\CP-2600-2699\CP-2654r1.pdf,4,612.0,792.0,
E:\SCHEMATICai\samples\CP-2600-2699\CP-2654r1.pdf,5,612.0,792.0,
E:\SCHEMATICai\samples\CP-2600-2699\CP-2654r1.pdf,6,612.0,792.0,
E:\SCHEMATICai\samples\CP-2600-2699\CP-2656.pdf,1,612.0,792.0,
E:\SCHEMATICai\samples\CP-2600-2699\CP-2656.pdf,2,612.0,792.0,
E:\SCHEMATICai\samples\CP-2600-2699\CP-2656.pdf,3,612.0,792.0,
E:\SCHEMATICai\samples\CP-2600-2699\CP-2656.pdf,4,612.0,792.0,
E:\SCHEMATICai\samples\CP-2600-2699\CP-2656.pdf,5,612.0,792.0,
E:\SCHEMATICai\samples\CP-2600-2699\CP-2656.pdf,6,612.0,792.0,
E:\SCHEMATICai\samples\CP-2600-2699\CP-2658.pdf,1,612.0,792.0,
E:\SCHEMATICai\samples\CP-2600-2699\CP-2658.pdf,2,612.0,792.0,
E:\SCHEMATICai\samples\CP-2600-2699\CP-2658.pdf,3,612.0,792.0,
E:\SCHEMATICai\samples\CP-2600-2699\CP-2658.pdf,4,612.0,792.0,
E:\SCHEMATICai\samples\CP-2600-2699\CP-2658.pdf,5,612.0,792.0,
E:\SCHEMATICai\samples\CP-2600-2699\CP-2658.pdf,6,612.0,792.0,
E:\SCHEMATICai\samples\CP-2600-2699\CP-2659.pdf,1,612.0,792.0,
E:\SCHEMATICai\samples\CP-2600-2699\CP-2659.pdf,2,612.0,792.0,
E:\SCHEMATICai\samples\CP-2600-2699\CP-2659.pdf,3,612.0,792.0,
E:\SCHEMATICai\samples\CP-2600-2699\CP-2659.pdf,4,612.0,792.0,
E:\SCHEMATICai\samples\CP-2600-2699\CP-2659.pdf,5,612.0,792.0,
E:\SCHEMATICai\samples\CP-2600-2699\CP-2659.pdf,6,612.0,792.0,
E:\SCHEMATICai\samples\CP-2600-2699\CP-2660.pdf,1,612.0,792.0,
E:\SCHEMATICai\samples\CP-2600-2699\CP-2660.pdf,2,612.0,792.0,
E:\SCHEMATICai\samples\CP-2600-2699\CP-2660.pdf,3,612.0,792.0,
E:\SCHEMATICai\samples\CP-2600-2699\CP-2660.pdf,4,612.0,792.0,
E:\SCHEMATICai\samples\CP-2600-2699\CP-2660.pdf,5,612.0,792.0,
E:\SCHEMATICai\samples\CP-2600-2699\CP-2660.pdf,6,612.0,792.0,
E:\SCHEMATICai\samples\CP-2600-2699\CP-2663.pdf,1,612.0,792.0,
E:\SCHEMATICai\samples\CP-2600-2699\CP-2663.pdf,2,612.0,792.0,
E:\SCHEMATICai\samples\CP-2600-2699\CP-2663.pdf,3,612.0,792.0,
E:\SCHEMATICai\samples\CP-2600-2699\CP-2663.pdf,4,612.0,792.0,
E:\SCHEMATICai\samples\CP-2600-2699\CP-2663.pdf,5,612.0,792.0,
E:\SCHEMATICai\samples\CP-2600-2699\CP-2663.pdf,6,612.0,792.0,
E:\SCHEMATICai\samples\CP-2600-2699\CP-2663.pdf,7,612.0,792.0,
E:\SCHEMATICai\samples\CP-2600-2699\CP-2664-R1.pdf,1,612.0,792.0,
E:\SCHEMATICai\samples\CP-2600-2699\CP-2664-R1.pdf,2,612.0,792.0,
E:\SCHEMATICai\samples\CP-2600-2699\CP-2664-R1.pdf,3,612.0,792.0,
E:\SCHEMATICai\samples\CP-2600-2699\CP-2664-R1.pdf,4,612.0,792.0,
E:\SCHEMATICai\samples\CP-2600-2699\CP-2664-R1.pdf,5,612.0,792.0,
E:\SCHEMATICai\samples\CP-2600-2699\CP-2664-R1.pdf,6,612.0,792.0,
E:\SCHEMATICai\samples\CP-2600-2699\CP-2664-R1.pdf,7,612.0,792.0,
E:\SCHEMATICai\samples\CP-2600-2699\CP-2664.pdf,1,612.0,792.0,
E:\SCHEMATICai\samples\CP-2600-2699\CP-2664.pdf,2,612.0,792.0,
E:\SCHEMATICai\samples\CP-2600-2699\CP-2664.pdf,3,612.0,792.0,
E:\SCHEMATICai\samples\CP-2600-2699\CP-2664.pdf,4,612.0,792.0,
E:\SCHEMATICai\samples\CP-2600-2699\CP-2664.pdf,5,612.0,792.0,
E:\SCHEMATICai\samples\CP-2600-2699\CP-2664.pdf,6,612.0,792.0,
E:\SCHEMATICai\samples\CP-2600-2699\CP-2664.pdf,7,612.0,792.0,
E:\SCHEMATICai\samples\CP-2600-2699\CP-2665.pdf,1,612.0,792.0,
E:\SCHEMATICai\samples\CP-2600-2699\CP-2665.pdf,2,612.0,792.0,
E:\SCHEMATICai\samples\CP-2600-2699\CP-2665.pdf,3,612.0,792.0,
E:\SCHEMATICai\samples\CP-2600-2699\CP-2665.pdf,4,612.0,792.0,
E:\SCHEMATICai\samples\CP-2600-2699\CP-2665.pdf,5,612.0,792.0,
E:\SCHEMATICai\samples\CP-2600-2699\CP-2665.pdf,6,612.0,792.0,
E:\SCHEMATICai\samples\CP-2600-2699\CP-2665.pdf,7,612.0,792.0,
E:\SCHEMATICai\samples\CP-2600-2699\CP-2667-R1.pdf,1,612.0,792.0,
E:\SCHEMATICai\samples\CP-2600-2699\CP-2667-R1.pdf,2,612.0,792.0,
E:\SCHEMATICai\samples\CP-2600-2699\CP-2667-R1.pdf,3,612.0,792.0,
E:\SCHEMATICai\samples\CP-2600-2699\CP-2667-R1.pdf,4,612.0,792.0,
E:\SCHEMATICai\samples\CP-2600-2699\CP-2667-R1.pdf,5,612.0,792.0,
E:\SCHEMATICai\samples\CP-2600-2699\CP-2667-R1.pdf,6,612.0,792.0,
E:\SCHEMATICai\samples\CP-2600-2699\CP-2667.pdf,1,612.0,792.0,
E:\SCHEMATICai\samples\CP-2600-2699\CP-2667.pdf,2,612.0,792.0,
E:\SCHEMATICai\samples\CP-2600-2699\CP-2667.pdf,3,612.0,792.0,
E:\SCHEMATICai\samples\CP-2600-2699\CP-2667.pdf,4,612.0,792.0,
E:\SCHEMATICai\samples\CP-2600-2699\CP-2667.pdf,5,612.0,792.0,
E:\SCHEMATICai\samples\CP-2600-2699\CP-2667.pdf,6,612.0,792.0,
E:\SCHEMATICai\samples\CP-2600-2699\CP-2669.pdf,1,612.0,792.0,
E:\SCHEMATICai\samples\CP-2600-2699\CP-2669.pdf,2,612.0,792.0,
E:\SCHEMATICai\samples\CP-2600-2699\CP-2669.pdf,3,612.0,792.0,
E:\SCHEMATICai\samples\CP-2600-2699\CP-2669.pdf,4,612.0,792.0,
E:\SCHEMATICai\samples\CP-2600-2699\CP-2669.pdf,5,612.0,792.0,
E:\SCHEMATICai\samples\CP-2600-2699\CP-2669.pdf,6,612.0,792.0,
E:\SCHEMATICai\samples\CP-2600-2699\CP-2669.pdf,7,612.0,792.0,
E:\SCHEMATICai\samples\CP-2600-2699\CP-2671.pdf,1,612.0,792.0,
E:\SCHEMATICai\samples\CP-2600-2699\CP-2671.pdf,2,612.0,792.0,
E:\SCHEMATICai\samples\CP-2600-2699\CP-2671.pdf,3,612.0,792.0,
E:\SCHEMATICai\samples\CP-2600-2699\CP-2671.pdf,4,612.0,792.0,
E:\SCHEMATICai\samples\CP-2600-2699\CP-2671.pdf,5,612.0,792.0,
E:\SCHEMATICai\samples\CP-2600-2699\CP-2671.pdf,6,612.0,792.0,
E:\SCHEMATICai\samples\CP-2600-2699\CP-2672.pdf,1,612.0,792.0,
E:\SCHEMATICai\samples\CP-2600-2699\CP-2672.pdf,2,612.0,792.0,
E:\SCHEMATICai\samples\CP-2600-2699\CP-2673.pdf,1,612.0,792.0,
E:\SCHEMATICai\samples\CP-2600-2699\CP-2673.pdf,2,612.0,792.0,
E:\SCHEMATICai\samples\CP-2600-2699\CP-2674.pdf,1,612.0,792.0,
E:\SCHEMATICai\samples\CP-2600-2699\CP-2674.pdf,2,612.0,792.0,
E:\SCHEMATICai\samples\CP-2600-2699\CP-2674.pdf,3,612.0,792.0,
E:\SCHEMATICai\samples\CP-2600-2699\CP-2674.pdf,4,612.0,792.0,
E:\SCHEMATICai\samples\CP-2600-2699\CP-2674.pdf,5,612.0,792.0,
E:\SCHEMATICai\samples\CP-2600-2699\CP-2674.pdf,6,612.0,792.0,
E:\SCHEMATICai\samples\CP-2600-2699\CP-2675.pdf,1,612.0,792.0,
E:\SCHEMATICai\samples\CP-2600-2699\CP-2675.pdf,2,612.0,792.0,
E:\SCHEMATICai\samples\CP-2600-2699\CP-2675.pdf,3,612.0,792.0,
E:\SCHEMATICai\samples\CP-2600-2699\CP-2675.pdf,4,612.0,792.0,
E:\SCHEMATICai\samples\CP-2600-2699\CP-2675.pdf,5,612.0,792.0,
E:\SCHEMATICai\samples\CP-2600-2699\CP-2675.pdf,6,612.0,792.0,
E:\SCHEMATICai\samples\CP-2600-2699\CP-2679.pdf,1,612.0,792.0,
E:\SCHEMATICai\samples\CP-2600-2699\CP-2679.pdf,2,612.0,792.0,
E:\SCHEMATICai\samples\CP-2600-2699\CP-2679.pdf,3,612.0,792.0,
E:\SCHEMATICai\samples\CP-2600-2699\CP-2679.pdf,4,612.0,792.0,
E:\SCHEMATICai\samples\CP-2600-2699\CP-2679.pdf,5,612.0,792.0,
E:\SCHEMATICai\samples\CP-2600-2699\CP-2679.pdf,6,612.0,792.0,
E:\SCHEMATICai\samples\CP-2600-2699\CP-2680.pdf,1,612.0,792.0,
E:\SCHEMATICai\samples\CP-2600-2699\CP-2680.pdf,2,612.0,792.0,
E:\SCHEMATICai\samples\CP-2600-2699\CP-2680.pdf,3,612.0,792.0,
E:\SCHEMATICai\samples\CP-2600-2699\CP-2680.pdf,4,612.0,792.0,
E:\SCHEMATICai\samples\CP-2600-2699\CP-2680.pdf,5,612.0,792.0,
E:\SCHEMATICai\samples\CP-2600-2699\CP-2680.pdf,6,612.0,792.0,
E:\SCHEMATICai\samples\CP-2600-2699\CP-2681.pdf,1,612.0,792.0,
E:\SCHEMATICai\samples\CP-2600-2699\CP-2681.pdf,2,612.0,792.0,
E:\SCHEMATICai\samples\CP-2600-2699\CP-2684.pdf,1,612.0,792.0,
E:\SCHEMATICai\samples\CP-2600-2699\CP-2684.pdf,2,612.0,792.0,
E:\SCHEMATICai\samples\CP-2600-2699\CP-2684.pdf,3,612.0,792.0,
E:\SCHEMATICai\samples\CP-2600-2699\CP-2684.pdf,4,612.0,792.0,
E:\SCHEMATICai\samples\CP-2600-2699\CP-2684.pdf,5,612.0,792.0,
E:\SCHEMATICai\samples\CP-2600-2699\CP-2684.pdf,6,612.0,792.0,
E:\SCHEMATICai\samples\CP-2600-2699\CP-2685 COMPLETE.pdf,1,612.0,792.0,
E:\SCHEMATICai\samples\CP-2600-2699\CP-2685 COMPLETE.pdf,2,612.0,792.0,
E:\SCHEMATICai\samples\CP-2600-2699\CP-2685 COMPLETE.pdf,3,612.0,792.0,
E:\SCHEMATICai\samples\CP-2600-2699\CP-2685 COMPLETE.pdf,4,612.0,792.0,
E:\SCHEMATICai\samples\CP-2600-2699\CP-2685 COMPLETE.pdf,5,612.0,792.0,
E:\SCHEMATICai\samples\CP-2600-2699\CP-2685 COMPLETE.pdf,6,612.0,792.0,
E:\SCHEMATICai\samples\CP-2600-2699\CP-2686.pdf,1,612.0,792.0,
E:\SCHEMATICai\samples\CP-2600-2699\CP-2686.pdf,2,612.0,792.0,
E:\SCHEMATICai\samples\CP-2600-2699\CP-2686.pdf,3,612.0,792.0,
E:\SCHEMATICai\samples\CP-2600-2699\CP-2686.pdf,4,612.0,792.0,
E:\SCHEMATICai\samples\CP-2600-2699\CP-2686.pdf,5,612.0,792.0,
E:\SCHEMATICai\samples\CP-2600-2699\CP-2686.pdf,6,612.0,792.0,
E:\SCHEMATICai\samples\CP-2600-2699\CP-2687.pdf,1,612.0,792.0,
E:\SCHEMATICai\samples\CP-2600-2699\CP-2687.pdf,2,612.0,792.0,
E:\SCHEMATICai\samples\CP-2600-2699\CP-2687.pdf,3,612.0,792.0,
E:\SCHEMATICai\samples\CP-2600-2699\CP-2687.pdf,4,612.0,792.0,
E:\SCHEMATICai\samples\CP-2600-2699\CP-2687.pdf,5,612.0,792.0,
E:\SCHEMATICai\samples\CP-2600-2699\CP-2687.pdf,6,612.0,792.0,
E:\SCHEMATICai\samples\CP-2600-2699\CP-2688.pdf,1,612.0,792.0,
E:\SCHEMATICai\samples\CP-2600-2699\CP-2688.pdf,2,612.0,792.0,
E:\SCHEMATICai\samples\CP-2600-2699\CP-2688.pdf,3,612.0,792.0,
E:\SCHEMATICai\samples\CP-2600-2699\CP-2688.pdf,4,612.0,792.0,
E:\SCHEMATICai\samples\CP-2600-2699\CP-2688.pdf,5,612.0,792.0,
E:\SCHEMATICai\samples\CP-2600-2699\CP-2688.pdf,6,612.0,792.0,
E:\SCHEMATICai\samples\CP-2600-2699\CP-2689.pdf,1,612.0,792.0,
E:\SCHEMATICai\samples\CP-2600-2699\CP-2689.pdf,2,612.0,792.0,
E:\SCHEMATICai\samples\CP-2600-2699\CP-2689.pdf,3,612.0,792.0,
E:\SCHEMATICai\samples\CP-2600-2699\CP-2689.pdf,4,612.0,792.0,
E:\SCHEMATICai\samples\CP-2600-2699\CP-2689.pdf,5,612.0,792.0,
E:\SCHEMATICai\samples\CP-2600-2699\CP-2689.pdf,6,612.0,792.0,
E:\SCHEMATICai\samples\CP-2600-2699\CP-2691.pdf,1,612.0,792.0,
E:\SCHEMATICai\samples\CP-2600-2699\CP-2691.pdf,2,612.0,792.0,
E:\SCHEMATICai\samples\CP-2600-2699\CP-2691.pdf,3,612.0,792.0,
E:\SCHEMATICai\samples\CP-2600-2699\CP-2691.pdf,4,612.0,792.0,
E:\SCHEMATICai\samples\CP-2600-2699\CP-2691.pdf,5,612.0,792.0,
E:\SCHEMATICai\samples\CP-2600-2699\CP-2691.pdf,6,612.0,792.0,
E:\SCHEMATICai\samples\CP-2600-2699\CP-2696.pdf,1,612.0,792.0,
E:\SCHEMATICai\samples\CP-2600-2699\CP-2696.pdf,2,612.0,792.0,
E:\SCHEMATICai\samples\CP-2600-2699\CP-2696.pdf,3,612.0,792.0,
E:\SCHEMATICai\samples\CP-2600-2699\CP-2696.pdf,4,612.0,792.0,
E:\SCHEMATICai\samples\CP-2600-2699\CP-2696.pdf,5,612.0,792.0,
E:\SCHEMATICai\samples\CP-2600-2699\CP-2696.pdf,6,612.0,792.0,
E:\SCHEMATICai\samples\CP-2600-2699\CP-2696.pdf,7,612.0,792.0,
E:\SCHEMATICai\samples\CP-2600-2699\CP-2697.pdf,1,612.0,792.0,
E:\SCHEMATICai\samples\CP-2600-2699\CP-2697.pdf,2,612.0,792.0,
E:\SCHEMATICai\samples\CP-2600-2699\CP-2697.pdf,3,612.0,792.0,
E:\SCHEMATICai\samples\CP-2600-2699\CP-2697.pdf,4,612.0,792.0,
E:\SCHEMATICai\samples\CP-2600-2699\CP-2697.pdf,5,612.0,792.0,
E:\SCHEMATICai\samples\CP-2600-2699\CP-2697.pdf,6,612.0,792.0,
E:\SCHEMATICai\samples\CP-2600-2699\CP-2698.pdf,1,612.0,792.0,
E:\SCHEMATICai\samples\CP-2600-2699\CP-2698.pdf,2,612.0,792.0,
E:\SCHEMATICai\samples\CP-2600-2699\CP-2698.pdf,3,612.0,792.0,
E:\SCHEMATICai\samples\CP-2600-2699\CP-2698.pdf,4,612.0,792.0,
E:\SCHEMATICai\samples\CP-2600-2699\CP-2698.pdf,5,612.0,792.0,
E:\SCHEMATICai\samples\CP-2600-2699\CP-2698.pdf,6,612.0,792.0,
E:\SCHEMATICai\samples\CP-2600-2699\CP2600.pdf,1,612.0,792.0,
E:\SCHEMATICai\samples\CP-2600-2699\CP2600.pdf,2,612.0,792.0,
E:\SCHEMATICai\samples\CP-2600-2699\CP2600.pdf,3,612.0,792.0,
E:\SCHEMATICai\samples\CP-2600-2699\CP2600.pdf,4,612.0,792.0,
E:\SCHEMATICai\samples\CP-2600-2699\CP2600.pdf,5,612.0,792.0,
E:\SCHEMATICai\samples\CP-2600-2699\CP2600.pdf,6,612.0,792.0,
E:\SCHEMATICai\samples\CP-2600-2699\CP2600.pdf,7,612.0,792.0,
E:\SCHEMATICai\samples\CP-2600-2699\CP2601.pdf,1,612.0,792.0,
E:\SCHEMATICai\samples\CP-2600-2699\CP2601.pdf,2,612.0,792.0,
E:\SCHEMATICai\samples\CP-2600-2699\CP2601.pdf,3,612.0,792.0,
E:\SCHEMATICai\samples\CP-2600-2699\CP2601.pdf,4,612.0,792.0,
E:\SCHEMATICai\samples\CP-2600-2699\CP2601.pdf,5,612.0,792.0,
E:\SCHEMATICai\samples\CP-2600-2699\CP2601.pdf,6,612.0,792.0,
E:\SCHEMATICai\samples\CP-2600-2699\CP2601.pdf,7,612.0,792.0,
E:\SCHEMATICai\samples\CP-2600-2699\CP2605.pdf,1,612.0,792.0,
E:\SCHEMATICai\samples\CP-2600-2699\CP2605.pdf,2,612.0,792.0,
E:\SCHEMATICai\samples\CP-2600-2699\CP2605.pdf,3,612.0,792.0,
E:\SCHEMATICai\samples\CP-2600-2699\CP2605.pdf,4,612.0,792.0,
E:\SCHEMATICai\samples\CP-2600-2699\CP2605.pdf,5,612.0,792.0,
E:\SCHEMATICai\samples\CP-2600-2699\CP2605.pdf,6,612.0,792.0,
E:\SCHEMATICai\samples\CP-2600-2699\CP2605.pdf,7,612.0,792.0,
E:\SCHEMATICai\samples\CP-2600-2699\CP2606.pdf,1,612.0,792.0,
E:\SCHEMATICai\samples\CP-2600-2699\CP2606.pdf,2,612.0,792.0,
E:\SCHEMATICai\samples\CP-2600-2699\CP2606.pdf,3,612.0,792.0,
E:\SCHEMATICai\samples\CP-2600-2699\CP2606.pdf,4,612.0,792.0,
E:\SCHEMATICai\samples\CP-2600-2699\CP2606.pdf,5,612.0,792.0,
E:\SCHEMATICai\samples\CP-2600-2699\CP2606.pdf,6,612.0,792.0,
E:\SCHEMATICai\samples\CP-2600-2699\CP2606.pdf,7,612.0,792.0,
E:\SCHEMATICai\samples\CP-2600-2699\CP2606.pdf,8,612.0,792.0,
E:\SCHEMATICai\samples\CP-2600-2699\CP2611.pdf,1,612.0,792.0,
E:\SCHEMATICai\samples\CP-2600-2699\CP2611.pdf,2,612.0,792.0,
E:\SCHEMATICai\samples\CP-2600-2699\CP2611.pdf,3,612.0,792.0,
E:\SCHEMATICai\samples\CP-2600-2699\CP2611.pdf,4,612.0,792.0,
E:\SCHEMATICai\samples\CP-2600-2699\CP2611.pdf,5,612.0,792.0,
E:\SCHEMATICai\samples\CP-2600-2699\CP2612.pdf,1,612.0,792.0,
E:\SCHEMATICai\samples\CP-2600-2699\CP2612.pdf,2,612.0,792.0,
E:\SCHEMATICai\samples\CP-2600-2699\CP2612.pdf,3,612.0,792.0,
E:\SCHEMATICai\samples\CP-2600-2699\CP2612.pdf,4,612.0,792.0,
E:\SCHEMATICai\samples\CP-2600-2699\CP2612.pdf,5,612.0,792.0,
E:\SCHEMATICai\samples\CP-2600-2699\CP2612.pdf,6,612.0,792.0,
E:\SCHEMATICai\samples\CP-2600-2699\CP2613.pdf,1,612.0,792.0,
E:\SCHEMATICai\samples\CP-2600-2699\CP2613.pdf,2,612.0,792.0,
E:\SCHEMATICai\samples\CP-2600-2699\CP2613.pdf,3,612.0,792.0,
E:\SCHEMATICai\samples\CP-2600-2699\CP2613.pdf,4,612.0,792.0,
E:\SCHEMATICai\samples\CP-2600-2699\CP2613.pdf,5,612.0,792.0,
E:\SCHEMATICai\samples\CP-2600-2699\CP2613.pdf,6,612.0,792.0,
E:\SCHEMATICai\samples\CP-2600-2699\CP2618.pdf,1,612.0,792.0,
E:\SCHEMATICai\samples\CP-2600-2699\CP2618.pdf,2,612.0,792.0,
E:\SCHEMATICai\samples\CP-2600-2699\CP2618.pdf,3,612.0,792.0,
E:\SCHEMATICai\samples\CP-2600-2699\CP2618.pdf,4,612.0,792.0,
E:\SCHEMATICai\samples\CP-2600-2699\CP2618.pdf,5,612.0,792.0,
E:\SCHEMATICai\samples\CP-2600-2699\CP2618.pdf,6,612.0,792.0,
E:\SCHEMATICai\samples\CP-2600-2699\CP2628.pdf,1,612.0,792.0,
E:\SCHEMATICai\samples\CP-2600-2699\CP2628.pdf,2,612.0,792.0,
E:\SCHEMATICai\samples\CP-2600-2699\CP2628.pdf,3,612.0,792.0,
E:\SCHEMATICai\samples\CP-2600-2699\CP2628.pdf,4,612.0,792.0,
E:\SCHEMATICai\samples\CP-2600-2699\CP2628.pdf,5,612.0,792.0,
E:\SCHEMATICai\samples\CP-2600-2699\CP2628.pdf,6,612.0,792.0,
E:\SCHEMATICai\samples\CP-2600-2699\CP2629.pdf,1,612.0,792.0,
E:\SCHEMATICai\samples\CP-2600-2699\CP2629.pdf,2,612.0,792.0,
E:\SCHEMATICai\samples\CP-2600-2699\CP2629.pdf,3,612.0,792.0,
E:\SCHEMATICai\samples\CP-2600-2699\CP2629.pdf,4,612.0,792.0,
E:\SCHEMATICai\samples\CP-2600-2699\CP2629.pdf,5,612.0,792.0,
E:\SCHEMATICai\samples\CP-2600-2699\CP2629.pdf,6,612.0,792.0,
E:\SCHEMATICai\samples\CP-2600-2699\CP2629.pdf,7,612.0,792.0,
E:\SCHEMATICai\samples\CP-2600-2699\CP2629.pdf,8,612.0,792.0,
E:\SCHEMATICai\samples\CP-2600-2699\CP2629.pdf,9,612.0,792.0,
E:\SCHEMATICai\samples\CP-2600-2699\CP2630r1.pdf,1,612.0,792.0,
E:\SCHEMATICai\samples\CP-2600-2699\CP2630r1.pdf,2,612.0,792.0,
E:\SCHEMATICai\samples\CP-2600-2699\CP2630r1.pdf,3,612.0,792.0,
E:\SCHEMATICai\samples\CP-2600-2699\CP2630r1.pdf,4,612.0,792.0,
E:\SCHEMATICai\samples\CP-2600-2699\CP2630r1.pdf,5,612.0,792.0,
E:\SCHEMATICai\samples\CP-2600-2699\CP2630r1.pdf,6,612.0,792.0,
E:\SCHEMATICai\samples\CP-2600-2699\CP2630r1.pdf,7,612.0,792.0,
E:\SCHEMATICai\samples\CP-2600-2699\CP2630r1.pdf,8,612.0,792.0,
E:\SCHEMATICai\samples\CP-2600-2699\CP2641.pdf,1,612.0,792.0,
E:\SCHEMATICai\samples\CP-2600-2699\CP2641.pdf,2,612.0,792.0,
E:\SCHEMATICai\samples\CP-2600-2699\CP2641.pdf,3,612.0,792.0,
E:\SCHEMATICai\samples\CP-2600-2699\CP2641.pdf,4,612.0,792.0,
E:\SCHEMATICai\samples\CP-2600-2699\CP2641.pdf,5,612.0,792.0,
E:\SCHEMATICai\samples\CP-2600-2699\CP2641.pdf,6,612.0,792.0,
E:\SCHEMATICai\samples\CP-2600-2699\CP2642.pdf,1,612.0,792.0,
E:\SCHEMATICai\samples\CP-2600-2699\CP2642.pdf,2,612.0,792.0,
E:\SCHEMATICai\samples\CP-2600-2699\CP2642.pdf,3,612.0,792.0,
E:\SCHEMATICai\samples\CP-2600-2699\CP2642.pdf,4,612.0,792.0,
E:\SCHEMATICai\samples\CP-2600-2699\CP2642.pdf,5,612.0,792.0,
E:\SCHEMATICai\samples\CP-2600-2699\CP2642.pdf,6,612.0,792.0,
E:\SCHEMATICai\samples\CP-2600-2699\CP2642.pdf,7,612.0,792.0,
E:\SCHEMATICai\samples\CP-2600-2699\CP2643.pdf,1,612.0,792.0,
E:\SCHEMATICai\samples\CP-2600-2699\CP2643.pdf,2,612.0,792.0,
E:\SCHEMATICai\samples\CP-2600-2699\CP2643.pdf,3,612.0,792.0,
E:\SCHEMATICai\samples\CP-2600-2699\CP2643.pdf,4,612.0,792.0,
E:\SCHEMATICai\samples\CP-2600-2699\CP2643.pdf,5,612.0,792.0,
E:\SCHEMATICai\samples\CP-2600-2699\CP2647.pdf,1,612.0,792.0,
E:\SCHEMATICai\samples\CP-2600-2699\CP2647.pdf,2,612.0,792.0,
E:\SCHEMATICai\samples\CP-2600-2699\CP2647.pdf,3,612.0,792.0,
E:\SCHEMATICai\samples\CP-2600-2699\CP2647.pdf,4,612.0,792.0,
E:\SCHEMATICai\samples\CP-2600-2699\CP2647.pdf,5,612.0,792.0,
E:\SCHEMATICai\samples\CP-2600-2699\CP2647.pdf,6,612.0,792.0,
E:\SCHEMATICai\samples\CP-2600-2699\CP2648.pdf,1,612.0,792.0,
E:\SCHEMATICai\samples\CP-2600-2699\CP2648.pdf,2,612.0,792.0,
E:\SCHEMATICai\samples\CP-2600-2699\CP2648.pdf,3,612.0,792.0,
E:\SCHEMATICai\samples\CP-2600-2699\CP2648.pdf,4,612.0,792.0,
E:\SCHEMATICai\samples\CP-2600-2699\CP2648.pdf,5,612.0,792.0,
E:\SCHEMATICai\samples\CP-2600-2699\CP2648.pdf,6,612.0,792.0,
E:\SCHEMATICai\samples\CP-2600-2699\CP2649.pdf,1,612.0,792.0,
E:\SCHEMATICai\samples\CP-2600-2699\CP2649.pdf,2,612.0,792.0,
E:\SCHEMATICai\samples\CP-2600-2699\CP2649.pdf,3,612.0,792.0,
E:\SCHEMATICai\samples\CP-2600-2699\CP2649.pdf,4,612.0,792.0,
E:\SCHEMATICai\samples\CP-2600-2699\CP2649.pdf,5,612.0,792.0,
E:\SCHEMATICai\samples\CP-2600-2699\CP2649.pdf,6,612.0,792.0,
E:\SCHEMATICai\samples\CP-2600-2699\CP2650.pdf,1,612.0,792.0,
E:\SCHEMATICai\samples\CP-2600-2699\CP2650.pdf,2,612.0,792.0,
E:\SCHEMATICai\samples\CP-2600-2699\CP2650.pdf,3,612.0,792.0,
E:\SCHEMATICai\samples\CP-2600-2699\CP2650.pdf,4,612.0,792.0,
E:\SCHEMATICai\samples\CP-2600-2699\CP2650.pdf,5,612.0,792.0,
E:\SCHEMATICai\samples\CP-2600-2699\CP2650.pdf,6,612.0,792.0,
E:\SCHEMATICai\samples\CP-2600-2699\CP2651.pdf,1,612.0,792.0,
E:\SCHEMATICai\samples\CP-2600-2699\CP2651.pdf,2,612.0,792.0,
E:\SCHEMATICai\samples\CP-2600-2699\CP2651.pdf,3,612.0,792.0,
E:\SCHEMATICai\samples\CP-2600-2699\CP2651.pdf,4,612.0,792.0,
E:\SCHEMATICai\samples\CP-2600-2699\CP2651.pdf,5,612.0,792.0,
E:\SCHEMATICai\samples\CP-2600-2699\CP2651.pdf,6,612.0,792.0,
E:\SCHEMATICai\samples\CP-2600-2699\CP2652.pdf,1,612.0,792.0,
E:\SCHEMATICai\samples\CP-2600-2699\CP2652.pdf,2,612.0,792.0,
E:\SCHEMATICai\samples\CP-2600-2699\CP2652.pdf,3,612.0,792.0,
E:\SCHEMATICai\samples\CP-2600-2699\CP2652.pdf,4,612.0,792.0,
E:\SCHEMATICai\samples\CP-2600-2699\CP2652.pdf,5,612.0,792.0,
E:\SCHEMATICai\samples\CP-2600-2699\CP2652.pdf,6,612.0,792.0,
E:\SCHEMATICai\samples\CP-2600-2699\CP2662.pdf,1,612.0,792.0,
E:\SCHEMATICai\samples\CP-2600-2699\CP2662.pdf,2,612.0,792.0,
E:\SCHEMATICai\samples\CP-2600-2699\CP2662.pdf,3,612.0,792.0,
E:\SCHEMATICai\samples\CP-2600-2699\CP2662.pdf,4,612.0,792.0,
E:\SCHEMATICai\samples\CP-2600-2699\CP2662.pdf,5,612.0,792.0,
E:\SCHEMATICai\samples\CP-2600-2699\CP2662.pdf,6,612.0,792.0,
E:\SCHEMATICai\samples\CP-2600-2699\CP2662.pdf,7,612.0,792.0,
E:\SCHEMATICai\samples\CP-2600-2699\CP2676.pdf,1,612.0,792.0,
E:\SCHEMATICai\samples\CP-2600-2699\CP2676.pdf,2,612.0,792.0,
E:\SCHEMATICai\samples\CP-2600-2699\CP2676.pdf,3,612.0,792.0,
E:\SCHEMATICai\samples\CP-2600-2699\CP2676.pdf,4,612.0,792.0,
E:\SCHEMATICai\samples\CP-2600-2699\CP2676.pdf,5,612.0,792.0,
E:\SCHEMATICai\samples\CP-2600-2699\CP2676.pdf,6,612.0,792.0,
E:\SCHEMATICai\samples\CP-2600-2699\CP2676.pdf,7,612.0,792.0,
E:\SCHEMATICai\samples\CP-2600-2699\CP2677.pdf,1,612.0,792.0,
E:\SCHEMATICai\samples\CP-2600-2699\CP2677.pdf,2,612.0,792.0,
E:\SCHEMATICai\samples\CP-2600-2699\CP2677.pdf,3,612.0,792.0,
E:\SCHEMATICai\samples\CP-2600-2699\CP2677.pdf,4,612.0,792.0,
E:\SCHEMATICai\samples\CP-2600-2699\CP2677.pdf,5,612.0,792.0,
E:\SCHEMATICai\samples\CP-2600-2699\CP2677.pdf,6,612.0,792.0,
E:\SCHEMATICai\samples\CP-2600-2699\CP2678.pdf,1,612.0,792.0,
E:\SCHEMATICai\samples\CP-2600-2699\CP2678.pdf,2,612.0,792.0,
E:\SCHEMATICai\samples\CP-2600-2699\CP2678.pdf,3,612.0,792.0,
E:\SCHEMATICai\samples\CP-2600-2699\CP2678.pdf,4,612.0,792.0,
E:\SCHEMATICai\samples\CP-2600-2699\CP2678.pdf,5,612.0,792.0,
E:\SCHEMATICai\samples\CP-2600-2699\CP2678.pdf,6,612.0,792.0,
E:\SCHEMATICai\samples\CP-2600-2699\CP2683.pdf,1,612.0,792.0,
E:\SCHEMATICai\samples\CP-2600-2699\CP2683.pdf,2,612.0,792.0,
E:\SCHEMATICai\samples\CP-2600-2699\CP2683.pdf,3,612.0,792.0,
E:\SCHEMATICai\samples\CP-2600-2699\CP2683.pdf,4,612.0,792.0,
E:\SCHEMATICai\samples\CP-2600-2699\CP2683.pdf,5,612.0,792.0,
E:\SCHEMATICai\samples\CP-2600-2699\CP2683.pdf,6,612.0,792.0,
E:\SCHEMATICai\samples\CP-2600-2699\CP2683.pdf,7,612.0,792.0,
E:\SCHEMATICai\samples\CP-2600-2699\CP2692.pdf,1,612.0,792.0,
E:\SCHEMATICai\samples\CP-2600-2699\CP2692.pdf,2,612.0,792.0,
E:\SCHEMATICai\samples\CP-2600-2699\CP2692.pdf,3,612.0,792.0,
E:\SCHEMATICai\samples\CP-2600-2699\CP2692.pdf,4,612.0,792.0,
E:\SCHEMATICai\samples\CP-2600-2699\CP2692.pdf,5,612.0,792.0,
E:\SCHEMATICai\samples\CP-2600-2699\CP2692.pdf,6,612.0,792.0,
E:\SCHEMATICai\samples\CP-2600-2699\CP2693.pdf,1,612.0,792.0,
E:\SCHEMATICai\samples\CP-2600-2699\CP2693.pdf,2,612.0,792.0,
E:\SCHEMATICai\samples\CP-2600-2699\CP2693.pdf,3,612.0,792.0,
E:\SCHEMATICai\samples\CP-2600-2699\CP2693.pdf,4,612.0,792.0,
E:\SCHEMATICai\samples\CP-2600-2699\CP2693.pdf,5,612.0,792.0,
E:\SCHEMATICai\samples\CP-2600-2699\CP2693.pdf,6,612.0,792.0,
E:\SCHEMATICai\samples\CP-2600-2699\CP2693.pdf,7,612.0,792.0,
E:\SCHEMATICai\samples\CP-2600-2699\CP2699.pdf,1,612.0,792.0,
E:\SCHEMATICai\samples\CP-2600-2699\CP2699.pdf,2,612.0,792.0,
E:\SCHEMATICai\samples\CP-2600-2699\CP2699.pdf,3,612.0,792.0,
E:\SCHEMATICai\samples\CP-2600-2699\CP2699.pdf,4,612.0,792.0,
E:\SCHEMATICai\samples\CP-2600-2699\CP2699.pdf,5,612.0,792.0,
E:\SCHEMATICai\samples\CP-2600-2699\CP2699.pdf,6,612.0,792.0,
E:\SCHEMATICai\samples\CP-2600-2699\CP2699.pdf,7,612.0,792.0,
E:\SCHEMATICai\samples\CP-2600-2699\CP2699R1.pdf,1,612.0,792.0,
E:\SCHEMATICai\samples\CP-2600-2699\CP2699R1.pdf,2,612.0,792.0,
E:\SCHEMATICai\samples\CP-2600-2699\CP2699R1.pdf,3,612.0,792.0,
E:\SCHEMATICai\samples\CP-2600-2699\CP2699R1.pdf,4,612.0,792.0,
E:\SCHEMATICai\samples\CP-2600-2699\CP2699R1.pdf,5,612.0,792.0,
E:\SCHEMATICai\samples\CP-2600-2699\CP2699R1.pdf,6,612.0,792.0,
E:\SCHEMATICai\samples\CP-2600-2699\CP2699R1.pdf,7,612.0,792.0,
